{
  "IcoMoonType": "selection",
  "icons": [
    {
      "icon": {
        "paths": [
          "M288 960l448-448-448-448"
        ],
        "attrs": [
          {
            "fill": "none",
            "strokeLinejoin": "round",
            "strokeLinecap": "round",
            "strokeMiterlimit": "4",
            "strokeWidth": 128
          }
        ],
        "grid": 0,
        "tags": [
          "chevron-right"
        ]
      },
      "attrs": [
        {
          "fill": "none",
          "strokeLinejoin": "round",
          "strokeLinecap": "round",
          "strokeMiterlimit": "4",
          "strokeWidth": 128
        }
      ],
      "properties": {
        "order": 79,
        "id": 10,
        "name": "chevron-right",
        "prevSize": 32
      },
      "setIdx": 0,
      "setId": 15,
      "iconIdx": 0
    },
    {
      "icon": {
        "paths": [
          "M736 960l-448-448 448-448"
        ],
        "attrs": [
          {
            "fill": "none",
            "strokeLinejoin": "round",
            "strokeLinecap": "round",
            "strokeMiterlimit": "4",
            "strokeWidth": 128
          }
        ],
        "grid": 0,
        "tags": [
          "chevron-left"
        ]
      },
      "attrs": [
        {
          "fill": "none",
          "strokeLinejoin": "round",
          "strokeLinecap": "round",
          "strokeMiterlimit": "4",
          "strokeWidth": 128
        }
      ],
      "properties": {
        "order": 80,
        "id": 9,
        "name": "chevron-left",
        "prevSize": 32
      },
      "setIdx": 0,
      "setId": 15,
      "iconIdx": 1
    },
    {
      "icon": {
        "paths": [
          "M938.688 85.312l-853.376 853.376M85.312 85.312l853.376 853.376"
        ],
        "attrs": [
          {
            "fill": "none",
            "strokeLinejoin": "round",
            "strokeLinecap": "round",
            "strokeMiterlimit": "4",
            "strokeWidth": 115.2
          }
        ],
        "grid": 0,
        "tags": [
          "cross"
        ]
      },
      "attrs": [
        {
          "fill": "none",
          "strokeLinejoin": "round",
          "strokeLinecap": "round",
          "strokeMiterlimit": "4",
          "strokeWidth": 115.2
        }
      ],
      "properties": {
        "order": 81,
        "id": 8,
        "name": "cross",
        "prevSize": 32
      },
      "setIdx": 0,
      "setId": 15,
      "iconIdx": 2
    },
    {
      "icon": {
        "paths": [
          "M256 384l256 256 256-256"
        ],
        "attrs": [
          {
            "fill": "none",
            "strokeLinejoin": "round",
            "strokeLinecap": "round",
            "strokeMiterlimit": "4",
            "strokeWidth": 92.16000000000001
          }
        ],
        "grid": 0,
        "tags": [
          "chevron-down"
        ]
      },
      "attrs": [
        {
          "fill": "none",
          "strokeLinejoin": "round",
          "strokeLinecap": "round",
          "strokeMiterlimit": "4",
          "strokeWidth": 92.16000000000001
        }
      ],
      "properties": {
        "order": 82,
        "id": 7,
        "name": "chevron-down",
        "prevSize": 32
      },
      "setIdx": 0,
      "setId": 15,
      "iconIdx": 3
    },
    {
      "icon": {
        "paths": [
          "M128 512h768M128 256h768M128 768h512"
        ],
        "attrs": [
          {
            "fill": "none",
            "strokeLinejoin": "round",
            "strokeLinecap": "round",
            "strokeMiterlimit": "4",
            "strokeWidth": 64
          }
        ],
        "grid": 0,
        "tags": [
          "menu-burger"
        ]
      },
      "attrs": [
        {
          "fill": "none",
          "strokeLinejoin": "round",
          "strokeLinecap": "round",
          "strokeMiterlimit": "4",
          "strokeWidth": 64
        }
      ],
      "properties": {
        "order": 83,
        "id": 6,
        "name": "menu-burger",
        "prevSize": 32
      },
      "setIdx": 0,
      "setId": 15,
      "iconIdx": 4
    },
    {
      "icon": {
        "paths": [
          "M981.333 128c-38.405 27.403-82.897 49.65-130.678 64.404l-3.295 0.876c-35.233-40.356-86.771-65.709-144.231-65.709-105.567 0-191.147 85.579-191.147 191.147 0 0.901 0.006 1.8 0.019 2.698l-0.001-0.136v42.667c-3.512 0.097-7.644 0.153-11.79 0.153-153.286 0-288.861-75.829-371.26-192.021l-0.95-1.411s-170.667 384 213.333 554.667c-78.147 53.677-174.795 85.726-278.928 85.726-6.942 0-13.851-0.142-20.723-0.425l0.984 0.032c384 213.333 853.333 0 853.333-490.667 0-11.904-1.195-23.723-3.413-35.413 42.325-41.757 73.383-94.832 88.266-154.317l0.481-2.27z"
        ],
        "attrs": [
          {
            "fill": "none",
            "strokeLinejoin": "round",
            "strokeLinecap": "round",
            "strokeMiterlimit": "4",
            "strokeWidth": 64
          }
        ],
        "grid": 0,
        "tags": [
          "twitter"
        ]
      },
      "attrs": [
        {
          "fill": "none",
          "strokeLinejoin": "round",
          "strokeLinecap": "round",
          "strokeMiterlimit": "4",
          "strokeWidth": 64
        }
      ],
      "properties": {
        "order": 84,
        "id": 5,
        "name": "twitter",
        "prevSize": 32
      },
      "setIdx": 0,
      "setId": 15,
      "iconIdx": 5
    },
    {
      "icon": {
        "paths": [
          "M768 85.333h-128c-117.821 0-213.333 95.513-213.333 213.333v0 128h-128v170.667h128v341.333h170.667v-341.333h128l42.667-170.667h-170.667v-128c0-23.564 19.103-42.667 42.667-42.667v0h128v-170.667z"
        ],
        "attrs": [
          {
            "fill": "none",
            "strokeLinejoin": "round",
            "strokeLinecap": "round",
            "strokeMiterlimit": "4",
            "strokeWidth": 64
          }
        ],
        "grid": 0,
        "tags": [
          "facebook"
        ]
      },
      "attrs": [
        {
          "fill": "none",
          "strokeLinejoin": "round",
          "strokeLinecap": "round",
          "strokeMiterlimit": "4",
          "strokeWidth": 64
        }
      ],
      "properties": {
        "order": 85,
        "id": 4,
        "name": "facebook",
        "prevSize": 32
      },
      "setIdx": 0,
      "setId": 15,
      "iconIdx": 6
    },
    {
      "icon": {
        "paths": [
          "M725.333 85.333h-426.667c-117.821 0-213.333 95.513-213.333 213.333v0 426.667c0 117.821 95.513 213.333 213.333 213.333v0h426.667c117.821 0 213.333-95.513 213.333-213.333v0-426.667c0-117.821-95.513-213.333-213.333-213.333v0z",
          "M682.667 485.12c1.337 8.026 2.102 17.274 2.102 26.701 0 94.257-76.41 170.667-170.667 170.667-86.007 0-157.155-63.62-168.95-146.367l-0.106-0.91c-1.025-7.027-1.61-15.14-1.61-23.39 0-94.257 76.41-170.667 170.667-170.667 84.83 0 155.205 61.891 168.432 142.981l0.133 0.985zM746.667 277.333h0.512"
        ],
        "attrs": [
          {
            "fill": "none",
            "strokeLinejoin": "round",
            "strokeLinecap": "round",
            "strokeMiterlimit": "4",
            "strokeWidth": 64
          },
          {
            "fill": "none",
            "strokeLinejoin": "round",
            "strokeLinecap": "round",
            "strokeMiterlimit": "4",
            "strokeWidth": 64
          }
        ],
        "grid": 0,
        "tags": [
          "instagram"
        ]
      },
      "attrs": [
        {
          "fill": "none",
          "strokeLinejoin": "round",
          "strokeLinecap": "round",
          "strokeMiterlimit": "4",
          "strokeWidth": 64
        },
        {
          "fill": "none",
          "strokeLinejoin": "round",
          "strokeLinecap": "round",
          "strokeMiterlimit": "4",
          "strokeWidth": 64
        }
      ],
      "properties": {
        "order": 86,
        "id": 3,
        "name": "instagram",
        "prevSize": 32
      },
      "setIdx": 0,
      "setId": 15,
      "iconIdx": 7
    },
    {
      "icon": {
        "paths": [
          "M725.299 85.299h-426.65c-117.83 0-213.35 95.52-213.35 213.35v0 426.65c0 117.83 95.52 213.35 213.35 213.35v0h426.701c117.808-0.029 213.299-95.538 213.299-213.35l-0-0v-426.65c0-117.812-95.491-213.321-213.297-213.35l-0.003-0z",
          "M682.65 485.12c1.448 8.351 2.275 17.968 2.275 27.778 0 94.275-76.425 170.701-170.701 170.701-86.414 0-157.83-64.211-169.14-147.522l-0.098-0.883c-0.931-6.697-1.462-14.434-1.462-22.296 0-94.275 76.425-170.701 170.701-170.701 84.465 0 154.602 61.348 168.284 141.916l0.141 1.007zM746.701 277.299h0.512"
        ],
        "attrs": [
          {
            "fill": "none",
            "strokeLinejoin": "round",
            "strokeLinecap": "round",
            "strokeMiterlimit": "4",
            "strokeWidth": 66.56
          },
          {
            "fill": "none",
            "strokeLinejoin": "round",
            "strokeLinecap": "round",
            "strokeMiterlimit": "4",
            "strokeWidth": 66.56
          }
        ],
        "grid": 0,
        "tags": [
          "instagram-mob"
        ]
      },
      "attrs": [
        {
          "fill": "none",
          "strokeLinejoin": "round",
          "strokeLinecap": "round",
          "strokeMiterlimit": "4",
          "strokeWidth": 66.56
        },
        {
          "fill": "none",
          "strokeLinejoin": "round",
          "strokeLinecap": "round",
          "strokeMiterlimit": "4",
          "strokeWidth": 66.56
        }
      ],
      "properties": {
        "order": 87,
        "id": 2,
        "name": "instagram-mob",
        "prevSize": 32
      },
      "setIdx": 0,
      "setId": 15,
      "iconIdx": 8
    },
    {
      "icon": {
        "paths": [
          "M768 85.299h-128c-117.808 0.029-213.299 95.538-213.299 213.35l0 0v128h-128v170.65h128v341.35h170.65v-341.35h128l42.65-170.65h-170.65v-128c-0-0.015-0-0.033-0-0.051 0-23.555 19.095-42.65 42.65-42.65l128 0v-170.65z"
        ],
        "attrs": [
          {
            "fill": "none",
            "strokeLinejoin": "round",
            "strokeLinecap": "round",
            "strokeMiterlimit": "4",
            "strokeWidth": 66.56
          }
        ],
        "grid": 0,
        "tags": [
          "facebook-mob"
        ]
      },
      "attrs": [
        {
          "fill": "none",
          "strokeLinejoin": "round",
          "strokeLinecap": "round",
          "strokeMiterlimit": "4",
          "strokeWidth": 66.56
        }
      ],
      "properties": {
        "order": 88,
        "id": 1,
        "name": "facebook-mob",
        "prevSize": 32
      },
      "setIdx": 0,
      "setId": 15,
      "iconIdx": 9
    },
    {
      "icon": {
        "paths": [
          "M981.35 128c-38.409 27.423-82.906 49.687-130.696 64.455l-3.295 0.877c-35.231-40.373-86.777-65.738-144.248-65.738-105.558 0-191.13 85.572-191.13 191.13 0 0.917 0.006 1.833 0.019 2.747l-0.002-0.138v42.65c-3.514 0.098-7.65 0.153-11.798 0.153-153.283 0-288.856-75.829-371.251-192.021l-0.95-1.412s-170.65 384 213.35 554.65c-78.152 53.688-174.809 85.743-278.954 85.743-6.945 0-13.856-0.143-20.731-0.425l0.984 0.032c384 213.299 853.35 0 853.35-490.701 0-11.93-1.178-23.757-3.43-35.43 42.336-41.749 73.405-94.818 88.299-154.299l0.481-2.27z"
        ],
        "attrs": [
          {
            "fill": "none",
            "strokeLinejoin": "round",
            "strokeLinecap": "round",
            "strokeMiterlimit": "4",
            "strokeWidth": 66.56
          }
        ],
        "grid": 0,
        "tags": [
          "twitter-mob"
        ]
      },
      "attrs": [
        {
          "fill": "none",
          "strokeLinejoin": "round",
          "strokeLinecap": "round",
          "strokeMiterlimit": "4",
          "strokeWidth": 66.56
        }
      ],
      "properties": {
        "order": 89,
        "id": 0,
        "name": "twitter-mob",
        "prevSize": 32
      },
      "setIdx": 0,
      "setId": 15,
      "iconIdx": 10
    }
  ],
  "height": 1024,
  "preferences": {
    "showGlyphs": true,
    "showQuickUse": true,
    "showQuickUse2": true,
    "showSVGs": true,
    "fontPref": {
      "prefix": "icon-",
      "metadata": {
        "fontFamily": "icomoon"
      },
      "metrics": {
        "emSize": 1024,
        "baseline": 6.25,
        "whitespace": 50
      },
      "embed": false
    },
    "imagePref": {
      "prefix": "icon-",
      "png": false,
      "useClassSelector": true,
      "color": 0,
      "bgColor": 16777215,
      "classSelector": ".icon",
      "name": "icomoon",
      "height": 32,
      "columns": 16,
      "margin": 16
    },
    "historySize": 50,
    "showCodes": true,
    "gridSize": 16,
    "showGrid": false
  }
}